{
    "slider_value": -0.2833333333333333,
    "part": "hockeystick_blade",
    "handle_point": [
        -0.0655132308602333,
        0.02774018794298172,
        0.019268382340669632
    ],
    "tip_point": [
        0.043738096952438354,
        0.11700000613927841,
        0.006700000260025263
    ]
}