{
    "slider_value": 0.255,
    "part": "hockeystick_shaft",
    "handle_point": [
        -0.23502898216247559,
        0.03016171231865883,
        0.018467526882886887
    ],
    "tip_point": [
        0.238,
        0.117,
        0.0067
    ]
}