{
    "slider_value": 0.4722222222222222,
    "part": "hockeystick_blade",
    "handle_point": [
        -0.235,
        0.03,
        0.0212
    ],
    "tip_point": [
        0.3083254098892212,
        0.17860619723796844,
        0.0005942755378782749
    ]
}