{
    "slider_value": -0.30694444444444446,
    "part": "hockeystick_blade",
    "handle_point": [
        -0.235,
        0.03,
        0.0212
    ],
    "tip_point": [
        0.23810264468193054,
        0.11727843433618546,
        0.010691617615520954
    ]
}