{
    "slider_value": -0.2833333333333333,
    "part": "hockeystick_blade",
    "handle_point": [
        -0.235,
        0.03,
        0.0212
    ],
    "tip_point": [
        0.12079094350337982,
        0.014322996139526367,
        0.016876209527254105
    ]
}