{
    "slider_value": 0.6611111111111111,
    "part": "hockeystick_blade",
    "handle_point": [
        -0.4044867753982544,
        0.03225981444120407,
        0.023131616413593292
    ],
    "tip_point": [
        0.4322619140148163,
        0.11700000613927841,
        0.006700000260025263
    ]
}