{
    "slider_value": -0.08499999999999999,
    "part": "hockeystick_shaft",
    "handle_point": [
        -0.2349793016910553,
        0.02988448739051819,
        0.023151766508817673
    ],
    "tip_point": [
        0.238,
        0.117,
        0.0067
    ]
}