{
    "slider_value": -0.33055555555555555,
    "part": "hockeystick_blade",
    "handle_point": [
        -0.235,
        0.03,
        0.0212
    ],
    "tip_point": [
        0.04529321938753128,
        0.09800069779157639,
        0.010725456289947033
    ]
}