{
    "slider_value": -0.19833333333333333,
    "part": "hockeystick_shaft",
    "handle_point": [
        -0.23496273159980774,
        0.02979208156466484,
        0.0247131809592247
    ],
    "tip_point": [
        0.238,
        0.117,
        0.0067
    ]
}