{
    "slider_value": 0.1841666666666667,
    "part": "hockeystick_blade",
    "handle_point": [
        -0.235,
        0.03,
        0.0212
    ],
    "tip_point": [
        0.23798534274101257,
        0.11696021258831024,
        0.006129768211394548
    ]
}