{
    "slider_value": 0.02833333333333332,
    "part": "hockeystick_shaft",
    "handle_point": [
        -0.23359793424606323,
        0.029981305822730064,
        0.02118401974439621
    ],
    "tip_point": [
        0.24034574627876282,
        0.11433469504117966,
        0.006825599819421768
    ]
}