{
    "slider_value": 0.08500000000000002,
    "part": "hockeystick_shaft",
    "handle_point": [
        -0.23500414192676544,
        0.030023103579878807,
        0.02080964669585228
    ],
    "tip_point": [
        0.238,
        0.117,
        0.0067
    ]
}