{
    "slider_value": 0.04722222222222222,
    "part": "hockeystick_blade",
    "handle_point": [
        -0.235,
        0.03,
        0.0212
    ],
    "tip_point": [
        0.21873414516448975,
        0.1317942887544632,
        0.005686676129698753
    ]
}