{
    "slider_value": -0.08499999999999999,
    "part": "hockeystick_shaft",
    "handle_point": [
        -0.22798959910869598,
        0.02990652807056904,
        0.0211201049387455
    ],
    "tip_point": [
        0.24972879886627197,
        0.10367346554994583,
        0.007327997125685215
    ]
}