{
    "slider_value": -0.14166666666666666,
    "part": "hockeystick_shaft",
    "handle_point": [
        -0.22518545389175415,
        0.029869137331843376,
        0.021088145673274994
    ],
    "tip_point": [
        0.25442028045654297,
        0.09834285080432892,
        0.0075791943818330765
    ]
}