{
    "slider_value": 0.30694444444444446,
    "part": "hockeystick_blade",
    "handle_point": [
        -0.235,
        0.03,
        0.0212
    ],
    "tip_point": [
        0.23795601725578308,
        0.11688067018985748,
        0.004989307839423418
    ]
}