{
    "slider_value": 0.2833333333333333,
    "part": "hockeystick_blade",
    "handle_point": [
        -0.2688973546028137,
        0.03045196458697319,
        0.021586323156952858
    ],
    "tip_point": [
        0.2768523693084717,
        0.11700000613927841,
        0.006700000260025263
    ]
}