{
    "slider_value": 0.4722222222222222,
    "part": "hockeystick_blade",
    "handle_point": [
        -0.33669209480285645,
        0.03135588765144348,
        0.02235897071659565
    ],
    "tip_point": [
        0.3545571267604828,
        0.11700000613927841,
        0.006700000260025263
    ]
}