{
    "slider_value": 0.08500000000000002,
    "part": "hockeystick_shaft",
    "handle_point": [
        -0.23640209436416626,
        0.030018692836165428,
        0.021215979009866714
    ],
    "tip_point": [
        0.23565423488616943,
        0.11966530233621597,
        0.0065744007006287575
    ]
}