{
    "slider_value": -0.18416666666666665,
    "part": "hockeystick_blade",
    "handle_point": [
        -0.235,
        0.03,
        0.0212
    ],
    "tip_point": [
        0.23807331919670105,
        0.1171988770365715,
        0.009551155380904675
    ]
}