{
    "slider_value": 0.2361111111111111,
    "part": "hockeystick_blade",
    "handle_point": [
        -0.235,
        0.03,
        0.0212
    ],
    "tip_point": [
        0.2748737633228302,
        0.05526050180196762,
        0.01147407852113247
    ]
}