{
    "slider_value": 0.85,
    "part": "hockeystick_blade",
    "handle_point": [
        -0.4722815155982971,
        0.033163733780384064,
        0.023904263973236084
    ],
    "tip_point": [
        0.5099666118621826,
        0.11700000613927841,
        0.006700000260025263
    ]
}