{
    "slider_value": -0.4722222222222222,
    "part": "hockeystick_blade",
    "handle_point": [
        -0.235,
        0.03,
        0.0212
    ],
    "tip_point": [
        0.07390732318162918,
        -0.026747804135084152,
        0.020946692675352097
    ]
}