{
    "slider_value": -0.4722222222222222,
    "part": "hockeystick_blade",
    "handle_point": [
        0.0022814832627773285,
        0.02683626301586628,
        0.01849573478102684
    ],
    "tip_point": [
        -0.03396666795015335,
        0.11700000613927841,
        0.006700000260025263
    ]
}