{
    "slider_value": -0.6611111111111111,
    "part": "hockeystick_blade",
    "handle_point": [
        0.07007618993520737,
        0.02593233808875084,
        0.017723089084029198
    ],
    "tip_point": [
        -0.11167143285274506,
        0.11700000613927841,
        0.006700000260025263
    ]
}