{
    "slider_value": 0.425,
    "part": "hockeystick_blade",
    "handle_point": [
        -0.235,
        0.03,
        0.0212
    ],
    "tip_point": [
        0.2631149888038635,
        -0.03875207155942917,
        0.019594430923461914
    ]
}