{
    "slider_value": 0.19833333333333336,
    "part": "hockeystick_shaft",
    "handle_point": [
        -0.24201041460037231,
        0.030093470588326454,
        0.021279897540807724
    ],
    "tip_point": [
        0.22627121210098267,
        0.1303265243768692,
        0.006072004325687885
    ]
}