{
    "slider_value": -0.14166666666666666,
    "part": "hockeystick_blade",
    "handle_point": [
        -0.235,
        0.03,
        0.0212
    ],
    "tip_point": [
        0.12524840235710144,
        0.14919820427894592,
        0.005381835624575615
    ]
}