{
    "slider_value": 0.14166666666666672,
    "part": "hockeystick_shaft",
    "handle_point": [
        -0.2392062246799469,
        0.03005608357489109,
        0.02124793827533722
    ],
    "tip_point": [
        0.23096273839473724,
        0.12499591708183289,
        0.006323201581835747
    ]
}