{
    "slider_value": 0.14166666666666672,
    "part": "hockeystick_shaft",
    "handle_point": [
        -0.23501241207122803,
        0.030069302767515182,
        0.020028939470648766
    ],
    "tip_point": [
        0.238,
        0.117,
        0.0067
    ]
}