{
    "slider_value": 0.33055555555555555,
    "part": "hockeystick_blade",
    "handle_point": [
        -0.235,
        0.03,
        0.0212
    ],
    "tip_point": [
        0.2780131995677948,
        0.007124683819711208,
        0.015517063438892365
    ]
}