{
    "slider_value": 0.06138888888888894,
    "part": "hockeystick_blade",
    "handle_point": [
        -0.235,
        0.03,
        0.0212
    ],
    "tip_point": [
        0.23801466822624207,
        0.1170397698879242,
        0.007270231377333403
    ]
}