{
    "slider_value": 0.2833333333333333,
    "part": "hockeystick_blade",
    "handle_point": [
        -0.235,
        0.03,
        0.0212
    ],
    "tip_point": [
        0.26144179701805115,
        0.13753539323806763,
        0.0046647582203149796
    ]
}