{
    "slider_value": 0.255,
    "part": "hockeystick_shaft",
    "handle_point": [
        -0.24481457471847534,
        0.030130859464406967,
        0.02131185494363308
    ],
    "tip_point": [
        0.22157970070838928,
        0.13565713167190552,
        0.005820804741233587
    ]
}