{
    "slider_value": -0.4297222222222222,
    "part": "hockeystick_blade",
    "handle_point": [
        -0.235,
        0.03,
        0.0212
    ],
    "tip_point": [
        0.23813197016716003,
        0.11735798418521881,
        0.011832078918814659
    ]
}