{
    "slider_value": -0.09444444444444444,
    "part": "hockeystick_blade",
    "handle_point": [
        -0.13330793380737305,
        0.02864411287009716,
        0.020041029900312424
    ],
    "tip_point": [
        0.12144286930561066,
        0.11700000613927841,
        0.006700000260025263
    ]
}