{
    "slider_value": -0.6611111111111111,
    "part": "hockeystick_blade",
    "handle_point": [
        -0.235,
        0.03,
        0.0212
    ],
    "tip_point": [
        0.02702370099723339,
        -0.06781859695911407,
        0.02501717582345009
    ]
}