{
    "slider_value": 0.02833333333333332,
    "part": "hockeystick_shaft",
    "handle_point": [
        -0.23499587178230286,
        0.029976898804306984,
        0.021590355783700943
    ],
    "tip_point": [
        0.238,
        0.117,
        0.0067
    ]
}