{
    "slider_value": 0.85,
    "part": "hockeystick_blade",
    "handle_point": [
        -0.235,
        0.03,
        0.0212
    ],
    "tip_point": [
        0.40209266543388367,
        0.2607478201389313,
        -0.007546692155301571
    ]
}