{
    "slider_value": -0.14166666666666666,
    "part": "hockeystick_shaft",
    "handle_point": [
        -0.23497101664543152,
        0.029838284477591515,
        0.023932473734021187
    ],
    "tip_point": [
        0.238,
        0.117,
        0.0067
    ]
}