{
    "slider_value": 0.6611111111111111,
    "part": "hockeystick_blade",
    "handle_point": [
        -0.235,
        0.03,
        0.0212
    ],
    "tip_point": [
        0.3552090525627136,
        0.21967700123786926,
        -0.0034762080758810043
    ]
}