{
    "slider_value": -0.09444444444444444,
    "part": "hockeystick_blade",
    "handle_point": [
        -0.235,
        0.03,
        0.0212
    ],
    "tip_point": [
        0.16767457127571106,
        0.05539379641413689,
        0.012805726379156113
    ]
}