{
    "slider_value": 0.09444444444444444,
    "part": "hockeystick_blade",
    "handle_point": [
        -0.20110264420509338,
        0.0295480377972126,
        0.020813677459955215
    ],
    "tip_point": [
        0.19914762675762177,
        0.11700000613927841,
        0.006700000260025263
    ]
}