{
    "slider_value": -0.2361111111111111,
    "part": "hockeystick_blade",
    "handle_point": [
        -0.235,
        0.03,
        0.0212
    ],
    "tip_point": [
        0.08035188168287277,
        0.13122032582759857,
        0.007468955125659704
    ]
}