{
    "slider_value": 0.09444444444444444,
    "part": "hockeystick_blade",
    "handle_point": [
        -0.235,
        0.03,
        0.0212
    ],
    "tip_point": [
        0.2145581841468811,
        0.0964645966887474,
        0.008735242299735546
    ]
}