{
    "slider_value": 0.19833333333333336,
    "part": "hockeystick_shaft",
    "handle_point": [
        -0.235020712018013,
        0.030115511268377304,
        0.01924823224544525
    ],
    "tip_point": [
        0.238,
        0.117,
        0.0067
    ]
}