{
    "slider_value": -0.06138888888888888,
    "part": "hockeystick_blade",
    "handle_point": [
        -0.235,
        0.03,
        0.0212
    ],
    "tip_point": [
        0.23804397881031036,
        0.11711933463811874,
        0.00841069407761097
    ]
}