{
    "slider_value": -0.02833333333333332,
    "part": "hockeystick_shaft",
    "handle_point": [
        -0.23498758673667908,
        0.02993069216609001,
        0.02237105928361416
    ],
    "tip_point": [
        0.238,
        0.117,
        0.0067
    ]
}