{
    "slider_value": -0.19833333333333333,
    "part": "hockeystick_shaft",
    "handle_point": [
        -0.22238126397132874,
        0.029831750318408012,
        0.02105618640780449
    ],
    "tip_point": [
        0.25911179184913635,
        0.093012236058712,
        0.007830394431948662
    ]
}