{
    "slider_value": -0.04722222222222222,
    "part": "hockeystick_blade",
    "handle_point": [
        -0.235,
        0.03,
        0.0212
    ],
    "tip_point": [
        0.17365118861198425,
        0.14939896762371063,
        0.004758438095450401
    ]
}