{
    "slider_value": 0.14166666666666666,
    "part": "hockeystick_blade",
    "handle_point": [
        -0.235,
        0.03,
        0.0212
    ],
    "tip_point": [
        0.25413936376571655,
        0.09886692464351654,
        0.008035645820200443
    ]
}