{
    "slider_value": 0.5525,
    "part": "hockeystick_blade",
    "handle_point": [
        -0.235,
        0.03,
        0.0212
    ],
    "tip_point": [
        0.2378973662853241,
        0.11672156304121017,
        0.002708381973206997
    ]
}