{
    "slider_value": -0.02833333333333332,
    "part": "hockeystick_shaft",
    "handle_point": [
        -0.230793759226799,
        0.02994391694664955,
        0.021152064204216003
    ],
    "tip_point": [
        0.2450372576713562,
        0.10900408029556274,
        0.007076797541230917
    ]
}